date,CIN,name,petrol,diesel,gas,electro,hybrid,plugInHybrid,others
01.01.2022,01001,"Flensburg, kreisfreie Stadt",26809.0,16230,262,741,903,526,17
01.01.2022,01002,"Kiel, kreisfreie Stadt",71089.0,35234,713,1542,2324,1232,20
01.01.2022,01003,"Lübeck, kreisfreie Stadt",66824.0,30127,800,1171,2068,1168,9
01.01.2022,01004,"Neumünster, kreisfreie Stadt",26943.0,14163,317,694,857,453,8
01.01.2022,01051,"Dithmarschen, Landkreis",48386.0,32319,518,994,1092,433,21
01.01.2022,01053,"Herzogtum Lauenburg, Landkreis",75300.0,40192,1035,1574,1973,1088,19
01.01.2022,01054,"Nordfriesland, Landkreis",60707.0,41099,600,2119,1446,873,72
01.01.2022,01055,"Ostholstein, Landkreis",84081.0,41358,901,1503,1982,1083,20
01.01.2022,01056,"Pinneberg, Landkreis",118948.0,52023,1143,2568,4205,2023,37
01.01.2022,01057,"Plön, Landkreis",51167.0,27522,425,1150,1210,593,13
01.01.2022,01058,"Rendsburg-Eckernförde, Landkreis",103277.0,66761,1171,2613,3046,1304,19
01.01.2022,01059,"Schleswig-Flensburg, Landkreis",71551.0,55315,922,1955,1692,818,31
01.01.2022,01060,"Segeberg, Landkreis",107303.0,56015,1189,2473,3605,1872,27
01.01.2022,01061,"Steinburg, Landkreis",50495.0,29477,601,977,1143,510,16
01.01.2022,01062,"Stormarn, Landkreis",98523.0,48633,1004,2378,3371,2013,30
01.01.2022,02000,"Hamburg, kreisfreie Stadt",516798.0,239503,5130,13078,24706,14481,151
01.01.2022,03101,"Braunschweig, kreisfreie Stadt",87265.0,46043,1216,4823,3486,2268,28
01.01.2022,03102,"Salzgitter, kreisfreie Stadt",36368.0,18049,652,478,794,370,5
01.01.2022,03103,"Wolfsburg, kreisfreie Stadt",73603.0,37292,506,7112,3077,4848,6
01.01.2022,03151,"Gifhorn, Landkreis",65373.0,40073,906,1748,1413,820,12
01.01.2022,03153,"Goslar, Landkreis",52390.0,25163,694,763,1449,611,12
01.01.2022,03154,"Helmstedt, Landkreis",35386.0,19054,522,769,653,457,7
01.01.2022,03155,"Northeim, Landkreis",57521.0,27912,730,1028,1327,671,25
01.01.2022,03157,"Peine, Landkreis",56098.0,26676,985,1088,968,691,10
01.01.2022,03158,"Wolfenbüttel, Landkreis",49507.0,23218,765,1052,1065,548,13
01.01.2022,03159,"Göttingen, Landkreis",119822.0,57248,1550,2168,3474,1680,26
01.01.2022,03241,"Region Hannover, Landkreis",388218.0,173820,5664,7773,12734,6988,136
01.01.2022,03251,"Diepholz, Landkreis",90187.0,47231,1357,1670,2588,1276,32
01.01.2022,03252,"Hameln-Pyrmont, Landkreis",62915.0,26815,858,1038,1472,728,18
01.01.2022,03254,"Hildesheim, Landkreis",108880.0,47286,1389,1772,2688,1430,29
01.01.2022,03255,"Holzminden, Landkreis",30103.0,13622,475,407,541,357,9
01.01.2022,03256,"Nienburg (Weser), Landkreis",48196.0,27001,955,934,1440,558,15
01.01.2022,03257,"Schaumburg, Landkreis",68707.0,29961,1106,1368,1794,767,19
01.01.2022,03351,"Celle, Landkreis",69315.0,37754,979,1176,1673,988,24
01.01.2022,03352,"Cuxhaven, Landkreis",78789.0,44077,1451,1076,2134,793,28
01.01.2022,03353,"Harburg, Landkreis",104374.0,56692,1376,2346,3752,1757,42
01.01.2022,03354,"Lüchow-Dannenberg, Landkreis",17984.0,12060,620,317,310,222,2
01.01.2022,03355,"Lüneburg, Landkreis",65326.0,36177,860,1491,1748,1176,15
01.01.2022,03356,"Osterholz, Landkreis",47767.0,23323,876,891,938,641,16
01.01.2022,03357,"Rotenburg (Wümme), Landkreis",63270.0,47228,1120,1298,1935,926,18
01.01.2022,03358,Heidekreis,53600.0,32913,960,849,1162,688,14
01.01.2022,03359,"Stade, Landkreis",79639.0,42478,962,1441,2443,1150,20
01.01.2022,03360,"Uelzen, Landkreis",36509.0,19120,394,649,688,594,8
01.01.2022,03361,"Verden, Landkreis",54921.0,29307,831,1007,1408,810,14
01.01.2022,03401,"Delmenhorst, kreisfreie Stadt",28648.0,11997,507,360,1066,429,11
01.01.2022,03402,"Emden, kreisfreie Stadt",16530.0,7574,313,435,306,240,4
01.01.2022,03403,"Oldenburg (Oldenburg), kreisfreie Stadt",54807.0,30107,1234,1234,1795,1475,20
01.01.2022,03404,"Osnabrück, kreisfreie Stadt",54109.0,27291,887,1346,2302,1331,13
01.01.2022,03405,"Wilhelmshaven, kreisfreie Stadt",27974.0,10777,550,303,684,238,15
01.01.2022,03451,"Ammerland, Landkreis",48785.0,29420,995,928,1142,653,24
01.01.2022,03452,"Aurich, Landkreis",73478.0,40707,1849,1575,1344,784,14
01.01.2022,03453,"Cloppenburg, Landkreis",50334.0,50175,1146,1121,1093,844,12
01.01.2022,03454,"Emsland, Landkreis",105482.0,92512,2462,2588,2741,1953,15
01.01.2022,03455,"Friesland, Landkreis",41774.0,22421,1095,761,908,544,16
01.01.2022,03456,"Grafschaft Bentheim, Landkreis",42508.0,39392,1657,1261,1301,980,12
01.01.2022,03457,"Leer, Landkreis",61900.0,39531,1737,1141,1218,722,19
01.01.2022,03458,"Oldenburg, Landkreis",50614.0,30897,1210,1005,1363,723,19
01.01.2022,03459,"Osnabrück, Landkreis",143544.0,81159,2307,2805,3872,2034,34
01.01.2022,03460,"Vechta, Landkreis",47145.0,38687,753,1275,1521,956,9
01.01.2022,03461,"Wesermarsch, Landkreis",32697.0,19383,875,482,693,297,13
01.01.2022,03462,"Wittmund, Landkreis",22645.0,13088,558,326,461,197,3
01.01.2022,04011,"Bremen, kreisfreie Stadt",159096.0,73726,2374,2581,6128,3346,40
01.01.2022,04012,"Bremerhaven, kreisfreie Stadt",34095.0,15198,521,464,1297,451,13
01.01.2022,05111,"Düsseldorf, kreisfreie Stadt",191855.0,98573,3070,4572,11824,8844,69
01.01.2022,05112,"Duisburg, kreisfreie Stadt",164556.0,57733,4782,1758,4867,2155,37
01.01.2022,05113,"Essen, kreisfreie Stadt",206929.0,68149,4232,3339,7828,5117,52
01.01.2022,05114,"Krefeld, kreisfreie Stadt",82453.0,31249,2098,1315,2833,1508,24
01.01.2022,05116,"Mönchengladbach, kreisfreie Stadt",96796.0,37035,2468,1504,2819,1809,32
01.01.2022,05117,"Mülheim an der Ruhr, kreisfreie Stadt",68111.0,21206,1148,1183,2288,1392,12
01.01.2022,05119,"Oberhausen, kreisfreie Stadt",82470.0,24605,1880,1081,2336,1047,14
01.01.2022,05120,"Remscheid, kreisfreie Stadt",44329.0,15531,699,701,1522,849,9
01.01.2022,05122,"Solingen, kreisfreie Stadt",68241.0,22650,1146,1563,2768,1485,15
01.01.2022,05124,"Wuppertal, kreisfreie Stadt",122538.0,44514,2214,2082,4235,2477,45
01.01.2022,05154,"Kleve, Landkreis",115892.0,71093,5401,2242,3315,1786,33
01.01.2022,05158,"Mettmann, Landkreis",201734.0,78243,3334,4409,8031,4494,39
01.01.2022,05162,Rhein-Kreis Neuss,186729.0,74010,3388,3401,6785,3479,56
01.01.2022,05166,"Viersen, Landkreis",126059.0,54783,4223,2423,3120,1774,41
01.01.2022,05170,"Wesel, Landkreis",195604.0,78717,6026,3497,5952,2856,42
01.01.2022,05314,"Bonn, kreisfreie Stadt",103632.0,57266,1573,2430,6988,2847,27
01.01.2022,05315,"Köln, kreisfreie Stadt",318926.0,130407,5221,6060,21213,10857,143
01.01.2022,05316,"Leverkusen, kreisfreie Stadt",61736.0,22747,1058,1210,3000,1436,17
01.01.2022,05334,"Städteregion Aachen, Landkreis",197794.0,80840,5463,4262,7150,3900,69
01.01.2022,05358,"Düren, Landkreis",109069.0,47756,2515,2414,3278,1606,52
01.01.2022,05362,Rhein-Erft-Kreis,195065.0,75205,3223,3049,7168,3309,89
01.01.2022,05366,"Euskirchen, Landkreis",84425.0,42530,1732,1543,3920,1632,24
01.01.2022,05370,"Heinsberg, Landkreis",102051.0,52414,4451,1787,3346,1757,25
01.01.2022,05374,Oberbergischer Kreis,116497.0,54864,1942,1997,3582,2048,36
01.01.2022,05378,Rheinisch-Bergischer Kreis,125750.0,46261,2012,2763,4661,2595,29
01.01.2022,05382,Rhein-Sieg-Kreis,249542.0,103734,4512,4414,8187,4042,73
01.01.2022,05512,"Bottrop, kreisfreie Stadt",51143.0,14817,1230,713,1433,578,8
01.01.2022,05513,"Gelsenkirchen, kreisfreie Stadt",89552.0,28082,2151,1032,2881,1199,11
01.01.2022,05515,"Münster, kreisfreie Stadt",91889.0,49464,1632,2847,3330,2335,34
01.01.2022,05554,"Borken, Landkreis",129380.0,88572,4386,3557,3225,2583,22
01.01.2022,05558,"Coesfeld, Landkreis",85500.0,49680,1803,2110,2776,1247,23
01.01.2022,05562,"Recklinghausen, Landkreis",256826.0,84332,5335,3388,7902,3266,77
01.01.2022,05566,"Steinfurt, Landkreis",165921.0,100122,3223,4073,4727,2932,38
01.01.2022,05570,"Warendorf, Landkreis",110877.0,56797,1799,2362,2927,1580,18
01.01.2022,05711,"Bielefeld, kreisfreie Stadt",111430.0,53951,1746,3589,4085,2103,22
01.01.2022,05754,"Gütersloh, Landkreis",146764.0,75300,2088,3387,4267,2862,33
01.01.2022,05758,"Herford, Landkreis",109374.0,46609,1650,2388,3028,1838,27
01.01.2022,05762,"Höxter, Landkreis",56572.0,30605,975,1088,1369,701,16
01.01.2022,05766,"Lippe, Landkreis",141426.0,67372,2573,3005,3435,1954,46
01.01.2022,05770,"Minden-Lübbecke, Landkreis",133434.0,62420,2036,2645,3866,1816,34
01.01.2022,05774,"Paderborn, Landkreis",113437.0,62194,2294,3318,3683,2257,18
01.01.2022,05911,"Bochum, kreisfreie Stadt",149512.0,45045,2534,2871,8455,2731,25
01.01.2022,05913,"Dortmund, kreisfreie Stadt",203622.0,75940,3402,3684,7087,4146,38
01.01.2022,05914,"Hagen, kreisfreie Stadt",69654.0,24986,1031,900,2123,1183,22
01.01.2022,05915,"Hamm, kreisfreie Stadt",67002.0,27741,1046,1160,1822,919,12
01.01.2022,05916,"Herne, kreisfreie Stadt",58113.0,16617,1320,556,1530,672,13
01.01.2022,05954,Ennepe-Ruhr-Kreis,142521.0,47714,2461,2376,4294,2369,30
01.01.2022,05958,Hochsauerlandkreis,105179.0,56945,1290,2174,3365,1750,26
01.01.2022,05962,Märkischer Kreis,173007.0,70206,2453,2407,5486,2891,44
01.01.2022,05966,"Olpe, Landkreis",57747.0,29111,526,1021,1629,1066,17
01.01.2022,05970,"Siegen-Wittgenstein, Landkreis",117528.0,51266,1077,1991,4045,2298,28
01.01.2022,05974,"Soest, Landkreis",123235.0,60839,2119,2883,3061,2304,20
01.01.2022,05978,"Unna, Landkreis",165996.0,63249,2744,2733,5301,2477,52
01.01.2022,06411,"Darmstadt, kreisfreie Stadt",46842.0,20808,686,1259,2199,1386,12
01.01.2022,06412,"Frankfurt am Main, kreisfreie Stadt",199923.0,109912,2209,6647,13732,11105,70
01.01.2022,06413,"Offenbach am Main, kreisfreie Stadt",35842.0,18325,470,732,1906,1020,31
01.01.2022,06414,"Wiesbaden, kreisfreie Stadt",123205.0,46679,1331,8309,6465,5609,30
01.01.2022,06431,"Bergstraße, Landkreis",115867.0,50946,1328,2266,4115,2095,32
01.01.2022,06432,"Darmstadt-Dieburg, Landkreis",127791.0,51163,1844,2650,4927,2214,30
01.01.2022,06433,"Groß-Gerau, Landkreis",104139.0,44414,1363,1762,3174,1853,26
01.01.2022,06434,Hochtaunuskreis,104781.0,45980,885,2472,6272,2750,52
01.01.2022,06435,Main-Kinzig-Kreis,169683.0,79237,1858,2769,6958,2516,47
01.01.2022,06436,Main-Taunus-Kreis,114829.0,50178,836,2123,9689,2784,26
01.01.2022,06437,Odenwaldkreis,41305.0,18690,576,665,1478,656,4
01.01.2022,06438,"Offenbach, Landkreis",144663.0,60962,1559,2409,6298,2759,34
01.01.2022,06439,Rheingau-Taunus-Kreis,82059.0,34505,968,1798,2797,1477,34
01.01.2022,06440,Wetteraukreis,127204.0,57938,1272,2366,4788,2347,27
01.01.2022,06531,"Gießen, Landkreis",98913.0,48936,1474,1978,3443,1720,38
01.01.2022,06532,Lahn-Dill-Kreis,106143.0,51931,1182,1667,3096,1684,35
01.01.2022,06533,"Limburg-Weilburg, Landkreis",72623.0,35130,1054,1482,2403,1256,26
01.01.2022,06534,"Marburg-Biedenkopf, Landkreis",95069.0,43624,1131,1668,2504,1022,19
01.01.2022,06535,Vogelsbergkreis,45718.0,24213,513,670,1288,540,15
01.01.2022,06611,"Kassel, kreisfreie Stadt",57803.0,27994,906,1459,2062,1350,14
01.01.2022,06631,"Fulda, Landkreis",89346.0,49184,985,1752,2636,1224,27
01.01.2022,06632,"Hersfeld-Rotenburg, Landkreis",49984.0,27266,702,700,924,556,19
01.01.2022,06633,"Kassel, Landkreis",100705.0,43988,1467,2349,2837,1527,29
01.01.2022,06634,Schwalm-Eder-Kreis,76629.0,38082,1377,1616,2123,915,19
01.01.2022,06635,"Waldeck-Frankenberg, Landkreis",66624.0,34989,1065,1258,1645,701,13
01.01.2022,06636,Werra-Meißner-Kreis,39940.0,20986,629,671,807,442,13
01.01.2022,07111,"Koblenz, kreisfreie Stadt",39828.0,20783,431,731,1491,1136,9
01.01.2022,07131,"Ahrweiler, Landkreis",55599.0,26186,864,795,1637,834,14
01.01.2022,07132,"Altenkirchen (Westerwald), Landkreis",55470.0,25924,722,886,1459,857,23
01.01.2022,07133,"Bad Kreuznach, Landkreis",66726.0,30923,772,1057,1744,871,14
01.01.2022,07134,"Birkenfeld, Landkreis",35027.0,15626,263,393,1200,350,11
01.01.2022,07135,"Cochem-Zell, Landkreis",24517.0,15946,378,481,540,317,8
01.01.2022,07137,"Mayen-Koblenz, Landkreis",91566.0,43287,1119,1545,2536,1517,13
01.01.2022,07138,"Neuwied, Landkreis",78014.0,38316,1301,1298,2347,1257,19
01.01.2022,07140,Rhein-Hunsrück-Kreis,41285.0,27313,506,836,1274,604,7
01.01.2022,07141,Rhein-Lahn-Kreis,53546.0,23968,798,892,1357,695,16
01.01.2022,07143,Westerwaldkreis,86933.0,45913,1054,1541,2590,1514,21
01.01.2022,07211,"Trier, kreisfreie Stadt",93957.0,54917,497,2241,3234,1638,21
01.01.2022,07231,"Bernkastel-Wittlich, Landkreis",44573.0,28631,333,819,1344,700,9
01.01.2022,07232,Eifelkreis Bitburg-Prüm,35907.0,29418,286,729,1355,505,10
01.01.2022,07233,"Vulkaneifel, Landkreis",24194.0,16487,289,408,622,369,9
01.01.2022,07311,"Frankenthal (Pfalz), kreisfreie Stadt",18117.0,7501,189,219,611,322,6
01.01.2022,07312,"Kaiserslautern, kreisfreie Stadt",33344.0,13128,343,693,1468,661,11
01.01.2022,07313,"Landau in der Pfalz, kreisfreie Stadt",18463.0,7837,188,418,637,424,3
01.01.2022,07314,"Ludwigshafen am Rhein, kreisfreie Stadt",56542.0,23545,540,907,2020,1091,24
01.01.2022,07315,"Mainz, kreisfreie Stadt",66371.0,28492,687,1395,2862,1453,20
01.01.2022,07316,"Neustadt an der Weinstraße, kreisfreie Stadt",22039.0,9743,222,434,609,312,5
01.01.2022,07317,"Pirmasens, kreisfreie Stadt",15764.0,6240,135,247,582,240,1
01.01.2022,07318,"Speyer, kreisfreie Stadt",19552.0,8649,238,324,630,292,1
01.01.2022,07319,"Worms, kreisfreie Stadt",31407.0,12717,286,472,996,474,8
01.01.2022,07320,"Zweibrücken, kreisfreie Stadt",14181.0,6068,113,261,577,220,5
01.01.2022,07331,"Alzey-Worms, Landkreis",55666.0,27961,632,1058,1442,752,15
01.01.2022,07332,"Bad Dürkheim, Landkreis",60770.0,26784,732,1239,1735,866,15
01.01.2022,07333,Donnersbergkreis,31872.0,17065,431,556,922,328,10
01.01.2022,07334,"Germersheim, Landkreis",52858.0,26983,549,890,1786,946,19
01.01.2022,07335,"Kaiserslautern, Landkreis",45753.0,20642,418,729,1616,480,9
01.01.2022,07336,"Kusel, Landkreis",31401.0,14739,277,358,872,242,13
01.01.2022,07337,"Südliche Weinstraße, Landkreis",50729.0,24032,441,1029,1374,617,13
01.01.2022,07338,Rhein-Pfalz-Kreis,70935.0,27524,706,1095,1853,796,19
01.01.2022,07339,"Mainz-Bingen, Landkreis",91056.0,45251,1120,1936,2678,1413,15
01.01.2022,07340,"Südwestpfalz, Landkreis",43956.0,21117,422,642,1309,446,25
01.01.2022,08111,"Stuttgart, kreisfreie Stadt",197259.0,72696,2093,8397,10303,11991,53
01.01.2022,08115,"Böblingen, Landkreis",162486.0,70455,1429,6558,8459,8118,49
01.01.2022,08116,"Esslingen, Landkreis",223696.0,92231,1939,6001,8481,5148,70
01.01.2022,08117,"Göppingen, Landkreis",109087.0,50610,1403,2296,3445,2052,30
01.01.2022,08118,"Ludwigsburg, Landkreis",232423.0,83192,2100,5254,7789,5535,68
01.01.2022,08119,Rems-Murr-Kreis,183648.0,70807,1806,4168,5539,3871,50
01.01.2022,08121,"Heilbronn, kreisfreie Stadt",44885.0,20066,478,783,1561,1114,10
01.01.2022,08125,"Heilbronn, Landkreis",157155.0,74841,1511,3552,9728,3501,47
01.01.2022,08126,Hohenlohekreis,45448.0,34247,552,995,2967,844,9
01.01.2022,08127,"Schwäbisch Hall, Landkreis",77236.0,49896,1055,1725,2194,1358,22
01.01.2022,08128,Main-Tauber-Kreis,53488.0,33324,643,895,1886,848,23
01.01.2022,08135,"Heidenheim, Landkreis",54333.0,28068,608,832,1501,782,14
01.01.2022,08136,Ostalbkreis,128183.0,70674,1287,2475,4066,2521,16
01.01.2022,08211,"Baden-Baden, kreisfreie Stadt",21796.0,11591,145,673,1115,545,7
01.01.2022,08212,"Karlsruhe, kreisfreie Stadt",88179.0,43479,1132,2542,4027,2673,46
01.01.2022,08215,"Karlsruhe, Landkreis",186135.0,84814,1831,4155,5947,3016,46
01.01.2022,08216,"Rastatt, Landkreis",97833.0,47281,892,2264,3085,1863,21
01.01.2022,08221,"Heidelberg, kreisfreie Stadt",38752.0,18572,376,894,1818,917,32
01.01.2022,08222,"Mannheim, kreisfreie Stadt",98949.0,46245,890,1944,4505,2619,20
01.01.2022,08225,Neckar-Odenwald-Kreis,59126.0,32966,622,1089,1752,967,15
01.01.2022,08226,Rhein-Neckar-Kreis,231861.0,103505,2063,5463,7649,6510,62
01.01.2022,08231,"Pforzheim, kreisfreie Stadt",41683.0,18264,371,847,1338,921,9
01.01.2022,08235,"Calw, Landkreis",65716.0,36344,738,1897,2071,1140,21
01.01.2022,08236,Enzkreis,90103.0,38306,913,2090,2341,1527,28
01.01.2022,08237,"Freudenstadt, Landkreis",46471.0,28638,474,958,1625,883,11
01.01.2022,08311,"Freiburg im Breisgau, kreisfreie Stadt",57237.0,32511,732,1640,2044,1242,30
01.01.2022,08315,"Breisgau-Hochschwarzwald, Landkreis",101327.0,53229,940,2638,2944,1445,45
01.01.2022,08316,"Emmendingen, Landkreis",66847.0,32288,627,1920,1818,877,15
01.01.2022,08317,Ortenaukreis,175369.0,91064,1437,4002,4400,2506,45
01.01.2022,08325,"Rottweil, Landkreis",57973.0,33583,513,1087,1772,1101,16
01.01.2022,08326,Schwarzwald-Baar-Kreis,83594.0,43315,795,1636,3181,1674,36
01.01.2022,08327,"Tuttlingen, Landkreis",54839.0,31135,468,1217,2106,1343,18
01.01.2022,08335,"Konstanz, Landkreis",108339.0,46872,1246,2794,3565,1688,34
01.01.2022,08336,"Lörrach, Landkreis",91247.0,40339,476,2214,3225,1303,34
01.01.2022,08337,"Waldshut, Landkreis",70150.0,34607,406,1701,1897,987,30
01.01.2022,08415,"Reutlingen, Landkreis",118185.0,55066,1323,2474,3335,2415,28
01.01.2022,08416,"Tübingen, Landkreis",80975.0,40755,1226,1887,2396,1638,31
01.01.2022,08417,Zollernalbkreis,83207.0,41148,881,1456,2444,1501,19
01.01.2022,08421,"Ulm, kreisfreie Stadt",39799.0,23434,477,1082,1806,1077,14
01.01.2022,08425,Alb-Donau-Kreis,80243.0,46117,794,1648,1995,1191,21
01.01.2022,08426,"Biberach, Landkreis",78877.0,50511,715,1979,1960,1049,15
01.01.2022,08435,Bodenseekreis,88550.0,44269,838,2131,3256,2184,26
01.01.2022,08436,"Ravensburg, Landkreis",109812.0,66497,1057,2743,2741,1854,33
01.01.2022,08437,"Sigmaringen, Landkreis",52566.0,31972,637,968,1858,779,14
01.01.2022,09161,"Ingolstadt, kreisfreie Stadt",54044.0,27638,540,3252,7860,3573,9
01.01.2022,09162,"München, kreisfreie Stadt",430158.0,229533,3508,15529,46370,19598,130
01.01.2022,09163,"Rosenheim, kreisfreie Stadt",21499.0,12415,203,468,775,373,8
01.01.2022,09171,"Altötting, Landkreis",44262.0,25298,363,872,1410,638,8
01.01.2022,09172,"Berchtesgadener Land, Landkreis",41115.0,22360,282,801,1408,502,11
01.01.2022,09173,"Bad Tölz-Wolfratshausen, Landkreis",48064.0,29846,414,997,1874,833,18
01.01.2022,09174,"Dachau, Landkreis",58858.0,31294,572,1304,2162,1015,16
01.01.2022,09175,"Ebersberg, Landkreis",52509.0,29268,429,1484,1984,1244,11
01.01.2022,09176,"Eichstätt, Landkreis",51113.0,31398,536,1009,1460,676,9
01.01.2022,09177,"Erding, Landkreis",53068.0,33225,455,1281,2256,889,15
01.01.2022,09178,"Freising, Landkreis",63121.0,41512,725,1836,2423,1097,15
01.01.2022,09179,"Fürstenfeldbruck, Landkreis",79940.0,38483,733,1789,2829,1342,23
01.01.2022,09180,"Garmisch-Partenkirchen, Landkreis",32663.0,17946,287,659,1144,499,13
01.01.2022,09181,"Landsberg am Lech, Landkreis",48468.0,30399,587,1642,1782,833,15
01.01.2022,09182,"Miesbach, Landkreis",39547.0,23920,245,950,1779,879,14
01.01.2022,09183,"Mühldorf am Inn, Landkreis",45289.0,27486,359,988,1683,606,9
01.01.2022,09184,"München, Landkreis",135044.0,80537,989,5241,9996,6870,41
01.01.2022,09185,"Neuburg-Schrobenhausen, Landkreis",39449.0,24398,424,711,1255,522,7
01.01.2022,09186,"Pfaffenhofen an der Ilm, Landkreis",48902.0,32819,668,1214,1558,700,9
01.01.2022,09187,"Rosenheim, Landkreis",105149.0,61388,900,2841,3403,1650,20
01.01.2022,09188,"Starnberg, Landkreis",53818.0,29095,411,1999,2351,1471,11
01.01.2022,09189,"Traunstein, Landkreis",71793.0,42276,598,1702,2122,1023,19
01.01.2022,09190,"Weilheim-Schongau, Landkreis",54536.0,31476,554,1249,1457,785,8
01.01.2022,09261,"Landshut, kreisfreie Stadt",22790.0,13386,217,461,973,529,6
01.01.2022,09262,"Passau, kreisfreie Stadt",17772.0,9671,108,383,1008,488,7
01.01.2022,09263,"Straubing, kreisfreie Stadt",17131.0,9202,149,411,655,388,2
01.01.2022,09271,"Deggendorf, Landkreis",45938.0,30632,458,880,1442,674,5
01.01.2022,09272,"Freyung-Grafenau, Landkreis",31012.0,20631,192,449,1050,439,5
01.01.2022,09273,"Kelheim, Landkreis",46271.0,32445,578,959,1354,592,13
01.01.2022,09274,"Landshut, Landkreis",61618.0,44377,688,1458,2226,1141,45
01.01.2022,09275,"Passau, Landkreis",80809.0,44723,451,1506,2594,1157,33
01.01.2022,09276,"Regen, Landkreis",29574.0,19208,209,469,1122,374,5
01.01.2022,09277,"Rottal-Inn, Landkreis",49376.0,31701,416,928,1524,624,20
01.01.2022,09278,"Straubing-Bogen, Landkreis",40952.0,26726,390,717,1177,391,6
01.01.2022,09279,"Dingolfing-Landau, Landkreis",38632.0,28268,380,990,1754,566,4
01.01.2022,09361,"Amberg, kreisfreie Stadt",15941.0,7788,106,410,682,307,5
01.01.2022,09362,"Regensburg, kreisfreie Stadt",49148.0,27310,525,1367,2733,1359,23
01.01.2022,09363,"Weiden in der Oberpfalz, kreisfreie Stadt",16615.0,8385,166,283,560,381,9
01.01.2022,09371,"Amberg-Sulzbach, Landkreis",43307.0,25085,351,956,1060,615,12
01.01.2022,09372,"Cham, Landkreis",53634.0,33339,611,843,1318,579,16
01.01.2022,09373,"Neumarkt in der Oberpfalz, Landkreis",53417.0,33472,466,1110,1664,836,6
01.01.2022,09374,"Neustadt an der Waldnaab, Landkreis",39769.0,23487,373,656,964,571,11
01.01.2022,09375,"Regensburg, Landkreis",77862.0,44766,897,1626,2576,1188,25
01.01.2022,09376,"Schwandorf, Landkreis",59313.0,38995,669,990,1682,806,12
01.01.2022,09377,"Tirschenreuth, Landkreis",30738.0,16725,199,385,694,447,9
01.01.2022,09461,"Bamberg, kreisfreie Stadt",25143.0,13545,341,625,929,458,11
01.01.2022,09462,"Bayreuth, kreisfreie Stadt",25267.0,12472,193,611,1095,598,6
01.01.2022,09463,"Coburg, kreisfreie Stadt",16018.0,7661,144,371,608,265,7
01.01.2022,09464,"Hof, kreisfreie Stadt",17810.0,6662,115,303,580,324,6
01.01.2022,09471,"Bamberg, Landkreis",63127.0,35990,611,1190,1322,775,15
01.01.2022,09472,"Bayreuth, Landkreis",45316.0,24270,368,782,1115,511,10
01.01.2022,09473,"Coburg, Landkreis",39750.0,17346,423,688,961,473,8
01.01.2022,09474,"Forchheim, Landkreis",49979.0,25619,427,1020,1307,674,14
01.01.2022,09475,"Hof, Landkreis",42334.0,19354,392,611,1094,517,8
01.01.2022,09476,"Kronach, Landkreis",29900.0,14362,229,401,700,301,16
01.01.2022,09477,"Kulmbach, Landkreis",31728.0,16149,302,550,1083,425,10
01.01.2022,09478,"Lichtenfels, Landkreis",29083.0,14587,222,450,618,322,13
01.01.2022,09479,"Wunsiedel im Fichtelgebirge, Landkreis",31362.0,14177,215,429,891,407,14
01.01.2022,09561,"Ansbach, kreisfreie Stadt",15805.0,8383,207,319,624,313,2
01.01.2022,09562,"Erlangen, kreisfreie Stadt",35083.0,17637,333,815,1327,819,10
01.01.2022,09563,"Fürth, kreisfreie Stadt",41773.0,19078,358,800,1718,738,10
01.01.2022,09564,"Nürnberg, kreisfreie Stadt",153711.0,79017,1221,2723,7746,3363,44
01.01.2022,09565,"Schwabach, kreisfreie Stadt",17279.0,7560,101,424,797,332,6
01.01.2022,09571,"Ansbach, Landkreis",76314.0,46756,886,1431,1680,1004,23
01.01.2022,09572,"Erlangen-Höchstadt, Landkreis",57167.0,30410,488,1538,1807,1696,32
01.01.2022,09573,"Fürth, Landkreis",52260.0,22397,354,1000,1493,719,15
01.01.2022,09574,"Nürnberger Land, Landkreis",71263.0,35343,505,1525,2547,1176,11
01.01.2022,09575,"Neustadt an der Aisch-Bad Windsheim, Landkreis",40050.0,25887,454,941,980,601,18
01.01.2022,09576,"Roth, Landkreis",53445.0,30525,389,1055,1781,914,12
01.01.2022,09577,"Weißenburg-Gunzenhausen, Landkreis",38105.0,22736,433,820,915,578,11
01.01.2022,09661,"Aschaffenburg, kreisfreie Stadt",27352.0,12861,370,705,987,876,6
01.01.2022,09662,"Schweinfurt, kreisfreie Stadt",17172.0,10170,265,385,797,695,5
01.01.2022,09663,"Würzburg, kreisfreie Stadt",39549.0,20657,701,1060,1734,1025,17
01.01.2022,09671,"Aschaffenburg, Landkreis",75806.0,37064,907,1586,2311,1516,20
01.01.2022,09672,"Bad Kissingen, Landkreis",41355.0,27453,581,827,915,467,11
01.01.2022,09673,"Rhön-Grabfeld, Landkreis",30024.0,22680,426,999,735,425,11
01.01.2022,09674,"Haßberge, Landkreis",32513.0,24444,555,768,613,404,12
01.01.2022,09675,"Kitzingen, Landkreis",37489.0,22100,499,792,1144,528,10
01.01.2022,09676,"Miltenberg, Landkreis",53130.0,29834,598,799,2032,1072,14
01.01.2022,09677,"Main-Spessart, Landkreis",51779.0,30787,759,935,1452,765,18
01.01.2022,09678,"Schweinfurt, Landkreis",47868.0,27756,717,1073,1216,599,23
01.01.2022,09679,"Würzburg, Landkreis",67154.0,35124,1071,1653,1995,1077,19
01.01.2022,09761,"Augsburg, kreisfreie Stadt",89794.0,41461,1388,1519,4236,2011,30
01.01.2022,09762,"Kaufbeuren, kreisfreie Stadt",16711.0,7951,177,308,615,260,3
01.01.2022,09763,"Kempten (Allgäu), kreisfreie Stadt",24284.0,13453,232,634,1040,482,6
01.01.2022,09764,"Memmingen, kreisfreie Stadt",16498.0,9351,150,347,550,315,1
01.01.2022,09771,"Aichach-Friedberg, Landkreis",55275.0,29363,634,1178,1767,829,11
01.01.2022,09772,"Augsburg, Landkreis",108603.0,51731,1107,2040,3910,1918,25
01.01.2022,09773,"Dillingen an der Donau, Landkreis",40868.0,23050,413,645,1283,535,16
01.01.2022,09774,"Günzburg, Landkreis",51487.0,31218,442,945,1388,814,12
01.01.2022,09775,"Neu-Ulm, Landkreis",71752.0,35518,667,1260,1929,1210,18
01.01.2022,09776,"Lindau (Bodensee), Landkreis",33269.0,17755,274,677,901,493,7
01.01.2022,09777,"Ostallgäu, Landkreis",57415.0,32871,669,1274,1584,748,15
01.01.2022,09778,"Unterallgäu, Landkreis",61637.0,36166,606,1056,1438,694,20
01.01.2022,09779,"Donau-Ries, Landkreis",55330.0,33905,560,989,1970,960,9
01.01.2022,09780,"Oberallgäu, Landkreis",62823.0,36453,476,1357,1726,886,17
01.01.2022,10041,"Regionalverband Saarbrücken, Landkreis",128595.0,54384,770,1858,5143,2155,35
01.01.2022,10042,"Merzig-Wadern, Landkreis",44392.0,25271,247,691,1561,511,6
01.01.2022,10043,"Neunkirchen, Landkreis",59422.0,23816,412,784,2065,721,25
01.01.2022,10044,"Saarlouis, Landkreis",90363.0,37998,521,1248,3033,1158,33
01.01.2022,10045,Saarpfalz-Kreis,65033.0,28847,517,1051,2255,944,34
01.01.2022,10046,"Sankt Wendel, Landkreis",40547.0,19104,343,593,1245,526,11
01.01.2022,11000,"Berlin, kreisfreie Stadt",875707.0,274223,13968,16678,43310,17496,411
01.01.2022,12051,"Brandenburg an der Havel, kreisfreie Stadt",24673.0,8617,224,362,867,321,13
01.01.2022,12052,"Cottbus, kreisfreie Stadt",35228.0,11533,323,315,1248,396,19
01.01.2022,12053,"Frankfurt (Oder), kreisfreie Stadt",20929.0,6163,294,152,613,199,16
01.01.2022,12054,"Potsdam, kreisfreie Stadt",52519.0,20257,773,958,2015,989,27
01.01.2022,12060,"Barnim, Landkreis",74756.0,28590,1269,992,2403,832,33
01.01.2022,12061,"Dahme-Spreewald, Landkreis",70745.0,30936,1248,971,2556,819,36
01.01.2022,12062,"Elbe-Elster, Landkreis",42445.0,18824,526,281,1086,248,35
01.01.2022,12063,"Havelland, Landkreis",64849.0,26293,896,1053,2317,740,26
01.01.2022,12064,"Märkisch-Oderland, Landkreis",82047.0,31932,1241,895,2648,854,44
01.01.2022,12065,"Oberhavel, Landkreis",86811.0,32960,1395,1293,2798,1048,32
01.01.2022,12066,"Oberspreewald-Lausitz, Landkreis",44411.0,18939,473,233,1197,272,28
01.01.2022,12067,"Oder-Spree, Landkreis",73911.0,30186,1039,771,1952,686,30
01.01.2022,12068,"Ostprignitz-Ruppin, Landkreis",37866.0,19140,575,312,751,367,23
01.01.2022,12069,"Potsdam-Mittelmark, Landkreis",84839.0,40069,1130,1613,2493,1206,39
01.01.2022,12070,"Prignitz, Landkreis",29496.0,15036,322,245,678,697,13
01.01.2022,12071,"Spree-Neiße, Landkreis",49842.0,19020,459,343,1053,337,24
01.01.2022,12072,"Teltow-Fläming, Landkreis",70025.0,30929,1121,964,2173,867,25
01.01.2022,12073,"Uckermark, Landkreis",47002.0,18993,555,340,1350,324,21
01.01.2022,13003,"Rostock, kreisfreie Stadt",58734.0,24032,630,803,2150,666,42
01.01.2022,13004,"Schwerin, kreisfreie Stadt",29288.0,13220,335,328,1164,352,15
01.01.2022,13071,"Mecklenburgische Seenplatte, Landkreis",93100.0,48473,906,642,2697,756,42
01.01.2022,13072,"Rostock, Landkreis",77990.0,45522,806,906,2350,802,48
01.01.2022,13073,"Vorpommern-Rügen, Landkreis",80127.0,41324,765,764,2277,688,36
01.01.2022,13074,"Nordwestmecklenburg, Landkreis",57203.0,31510,813,621,1322,437,20
01.01.2022,13075,"Vorpommern-Greifswald, Landkreis",83644.0,38973,801,927,2366,552,41
01.01.2022,13076,"Ludwigslust-Parchim, Landkreis",78890.0,46600,1062,588,1735,465,48
01.01.2022,14511,"Chemnitz, kreisfreie Stadt",87120.0,32902,710,1199,3187,1208,56
01.01.2022,14521,Erzgebirgskreis,140927.0,55450,995,1030,3478,1131,52
01.01.2022,14522,"Mittelsachsen, Landkreis",121957.0,51907,1296,944,3014,967,66
01.01.2022,14523,Vogtlandkreis,94934.0,36967,664,909,2878,801,40
01.01.2022,14524,"Zwickau, Landkreis",130779.0,48251,1078,1420,3489,1230,67
01.01.2022,14612,"Dresden, kreisfreie Stadt",154830.0,64110,1665,2100,6740,2467,97
01.01.2022,14625,"Bautzen, Landkreis",125006.0,50680,1228,974,3084,982,87
01.01.2022,14626,"Görlitz, Landkreis",104256.0,35157,958,581,2057,638,74
01.01.2022,14627,"Meißen, Landkreis",94141.0,40092,930,825,2778,779,65
01.01.2022,14628,"Sächsische Schweiz-Osterzgebirge, Landkreis",99291.0,39552,969,939,3075,949,62
01.01.2022,14713,"Leipzig, kreisfreie Stadt",162000.0,57756,2060,2793,7067,2545,103
01.01.2022,14729,"Leipzig, Landkreis",104444.0,44692,1323,1204,2950,1042,64
01.01.2022,14730,"Nordsachsen, Landkreis",79036.0,33893,803,671,2128,725,35
01.01.2022,15001,"Dessau-Roßlau, kreisfreie Stadt",30130.0,9949,295,294,992,313,21
01.01.2022,15002,"Halle (Saale), kreisfreie Stadt",68778.0,22017,765,689,2692,741,64
01.01.2022,15003,"Magdeburg, kreisfreie Stadt",78318.0,28750,703,893,2489,1048,36
01.01.2022,15081,Altmarkkreis Salzwedel,30669.0,18650,353,309,623,300,19
01.01.2022,15082,"Anhalt-Bitterfeld, Landkreis",65714.0,24125,456,434,1696,459,36
01.01.2022,15083,"Börde, Landkreis",69636.0,33880,675,639,1473,604,27
01.01.2022,15084,Burgenlandkreis,71234.0,27430,800,495,1859,590,55
01.01.2022,15085,"Harz, Landkreis",81512.0,37591,1032,919,2212,782,42
01.01.2022,15086,"Jerichower Land, Landkreis",35708.0,16878,322,334,947,302,22
01.01.2022,15087,"Mansfeld-Südharz, Landkreis",54385.0,22752,375,369,1548,361,32
01.01.2022,15088,Saalekreis,79328.0,31368,793,628,2548,720,46
01.01.2022,15089,Salzlandkreis,73436.0,28433,698,469,1883,480,53
01.01.2022,15090,"Stendal, Landkreis",39813.0,21953,409,359,1031,314,16
01.01.2022,15091,"Wittenberg, Landkreis",52736.0,20171,542,340,1468,373,37
01.01.2022,16051,"Erfurt, kreisfreie Stadt",65301.0,28470,682,1090,2374,1082,27
01.01.2022,16052,"Gera, kreisfreie Stadt",31797.0,11927,282,353,1301,345,12
01.01.2022,16053,"Jena, kreisfreie Stadt",29255.0,13530,266,466,1372,458,18
01.01.2022,16054,"Suhl, kreisfreie Stadt",13231.0,5849,94,141,625,164,7
01.01.2022,16055,"Weimar, kreisfreie Stadt",19864.0,8776,188,811,709,323,10
01.01.2022,16061,"Eichsfeld, Landkreis",37490.0,21066,477,509,912,460,12
01.01.2022,16062,"Nordhausen, Landkreis",32038.0,13744,262,275,811,357,13
01.01.2022,16063,Wartburgkreis,62947.0,28699,610,642,1853,603,29
01.01.2022,16064,Unstrut-Hainich-Kreis,37489.0,17549,340,422,898,452,8
01.01.2022,16065,Kyffhäuserkreis,29856.0,13121,235,235,682,183,11
01.01.2022,16066,"Schmalkalden-Meiningen, Landkreis",48736.0,24850,402,478,1405,461,27
01.01.2022,16067,"Gotha, Landkreis",50988.0,22728,426,507,1584,471,27
01.01.2022,16068,"Sömmerda, Landkreis",26737.0,12712,216,221,512,250,11
01.01.2022,16069,"Hildburghausen, Landkreis",24486.0,13456,180,206,704,189,15
01.01.2022,16070,Ilm-Kreis,38291.0,18221,393,551,1238,380,18
01.01.2022,16071,"Weimarer Land, Landkreis",31840.0,15037,259,345,1001,313,9
01.01.2022,16072,"Sonneberg, Landkreis",24384.0,9134,193,194,740,210,12
01.01.2022,16073,"Saalfeld-Rudolstadt, Landkreis",40236.0,17822,408,317,1193,369,15
01.01.2022,16074,Saale-Holzland-Kreis,32484.0,15114,396,342,1087,342,12
01.01.2022,16075,Saale-Orla-Kreis,32606.0,16411,291,246,653,239,19
01.01.2022,16076,"Greiz, Landkreis",39900.0,18081,343,297,1213,319,12
01.01.2022,16077,"Altenburger Land, Landkreis",36664.0,12926,327,250,968,305,16
